{
    "O": {
        "precision": 0.9993369714897741,
        "recall": 1.0,
        "f1-score": 0.9996683758067396,
        "support": 58782.0
    },
    "B-PATIENT_AGE": {
        "precision": 1.0,
        "recall": 1.0,
        "f1-score": 1.0,
        "support": 116.0
    },
    "B-SIGNATURE": {
        "precision": 1.0,
        "recall": 1.0,
        "f1-score": 1.0,
        "support": 116.0
    },
    "I-PATIENT_NAME": {
        "precision": 1.0,
        "recall": 1.0,
        "f1-score": 1.0,
        "support": 116.0
    },
    "I-CLINIC_NAME": {
        "precision": 1.0,
        "recall": 0.7705882352941177,
        "f1-score": 0.8704318936877077,
        "support": 170.0
    },
    "B-CLINIC_NAME": {
        "precision": 1.0,
        "recall": 1.0,
        "f1-score": 1.0,
        "support": 116.0
    },
    "B-DATE": {
        "precision": 1.0,
        "recall": 1.0,
        "f1-score": 1.0,
        "support": 116.0
    },
    "I-MEDICATIONS": {
        "precision": 1.0,
        "recall": 1.0,
        "f1-score": 1.0,
        "support": 1961.0
    },
    "B-PATIENT_NAME": {
        "precision": 1.0,
        "recall": 1.0,
        "f1-score": 1.0,
        "support": 116.0
    },
    "B-CLINIC_ADDRESS": {
        "precision": 1.0,
        "recall": 1.0,
        "f1-score": 1.0,
        "support": 116.0
    },
    "B-MEDICATIONS": {
        "precision": 1.0,
        "recall": 1.0,
        "f1-score": 1.0,
        "support": 116.0
    },
    "I-CLINIC_ADDRESS": {
        "precision": 1.0,
        "recall": 1.0,
        "f1-score": 1.0,
        "support": 232.0
    },
    "I-SIGNATURE": {
        "precision": 1.0,
        "recall": 1.0,
        "f1-score": 1.0,
        "support": 232.0
    },
    "accuracy": 0.9993740470267234,
    "macro avg": {
        "precision": 0.9999489978069056,
        "recall": 0.9823529411764705,
        "f1-score": 0.9900077130380344,
        "support": 62305.0
    },
    "weighted avg": {
        "precision": 0.9993744620513907,
        "recall": 0.9993740470267234,
        "f1-score": 0.9993335990466042,
        "support": 62305.0
    }
}